,community,density
0,0,0.04566188121188841
1,1,0.06400008359194592
2,2,0.22025565388397247
3,3,0.7953216374269005
4,4,0.12797328941324101
5,5,0.06084217158458469
6,6,0.12556869881710647
7,7,0.13385826771653545
8,8,0.17791424101488915
9,9,0.03573573172847249
10,10,0.5654490106544902
11,11,0.5915397268111278
12,12,0.8666666666666667
13,13,0.11581920903954802
14,14,0.7543859649122807
15,15,0.09391427894861473
