{"degree_range": [1, 50.5], "eign_range": [1.9992370143312739e-10, 1.8144636690229454e-09], "closeness_range": [0.23893389045632277, 0.23995618901306484], "betwness_range": [0.0, 9.066420041502996e-06]}