,community,density
0,0,0.5441132189099669
1,1,0.06865545329525019
2,2,0.40327868852459015
3,3,0.24277831872768582
4,4,0.10756393977870488
5,5,0.5938461538461538
