,community,density
0,0,0.9230769230769231
1,1,0.2868217054263566
2,2,0.13736383442265795
3,3,0.38492063492063494
4,4,0.21458625525946703
5,5,0.3506787330316742
6,6,0.7485380116959064
7,7,0.051368578927634044
