,community,density
0,0,0.2706950277740144
1,1,0.3075952030296655
2,2,0.1259934548854605
3,3,0.6470588235294118
4,4,1.0
5,5,0.21526001705029837
6,6,0.39886039886039887
