{"degree_range": [1, 79.625], "eign_range": [7.670058142468094e-08, 1.3122936465013944e-05], "closeness_range": [0.2698476343223737, 0.38346569069168973], "betwness_range": [0.0, 0.00018854106170155914]}