,community,density
0,0,0.10547796118265917
1,1,0.6580946814728229
2,2,0.49607843137254903
3,3,0.3134575569358178
4,4,0.7052631578947368
5,5,1.0
