{"degree_range": [1, 200.0], "eign_range": [0.0005875782709270351, 0.01008090002638471], "closeness_range": [0.2597954062922216, 0.3104135187105815], "betwness_range": [0.0, 0.00015027664759596415]}