,community,density
0,0,0.5441132189099669
1,1,0.2793709528214616
2,2,0.39238498149127443
3,3,0.06599937441351267
4,4,0.11704634721131187
5,5,0.24277831872768582
