{"degree_range": [1, 98.5], "eign_range": [4.600463966989185e-08, 1.5846128779867289e-07], "closeness_range": [0.2824566312255176, 0.285151570919834], "betwness_range": [0.0, 3.808798130165656e-05]}