,community,density
0,0,0.5505425471159338
1,1,0.5690929451287794
2,2,0.45511921458625526
3,3,0.07510949585313577
