{"degree_range": [1, 267.0], "eign_range": [1.7746210692102823e-06, 0.0001343190702096308], "closeness_range": [0.31495203182279075, 0.32295292003219994], "betwness_range": [0.0, 8.957714138877837e-05]}