,community,density
0,0,0.23317307692307693
1,1,0.12518628912071536
2,2,0.07058691504881608
3,3,0.4124293785310734
4,4,0.2454212454212454
5,5,0.5743859649122807
