,community,density
0,0,0.5817543859649122
1,1,0.06909894969596463
2,2,0.41437755698421974
3,3,0.2454212454212454
4,4,0.4957983193277311
5,5,0.10369466713140467
