{"degree_range": [1, 98.25], "eign_range": [4.600463966989185e-08, 1.5535701466490255e-07], "closeness_range": [0.2824566312255176, 0.2851266598777944], "betwness_range": [0.0, 3.806117193411936e-05]}